Sample	Shannon	Simpson	Tail	time	site	cultivar	type	replicate	practice	susceptibility	date	treeID
2023-1-ASB-CL-FL-1	3.0820184909109027	0.7463917387684396	59.72953664878673	May	ASB	Cortland	Flower	1	Conventional	High	2023-05-15T00:00:00Z	ASB_Cortland_1
2023-1-ASB-CL-FL-2	4.21970010014221	0.9603434942026013	65.320025332878	May	ASB	Cortland	Flower	2	Conventional	High	2023-05-15T00:00:00Z	ASB_Cortland_2
2023-1-ASB-CL-FL-3	4.663671896816822	0.9711088833759494	104.3307527116382	May	ASB	Cortland	Flower	3	Conventional	High	2023-05-15T00:00:00Z	ASB_Cortland_3
2023-1-ASB-CL-LE-2	4.221264130460972	0.9626505395560463	64.02075781127928	May	ASB	Cortland	Leaf	2	Conventional	High	2023-05-15T00:00:00Z	ASB_Cortland_2
2023-1-ASB-CL-LE-3	1.465100491909683	0.3957754809546301	24.761490306179866	May	ASB	Cortland	Leaf	3	Conventional	High	2023-05-15T00:00:00Z	ASB_Cortland_3
2023-1-ASB-EM-FL-1	4.90601456488907	0.9836000623201862	98.556902631197	May	ASB	Empire	Flower	1	Conventional	Low	2023-05-15T00:00:00Z	ASB_Empire_1
2023-1-ASB-EM-FL-3	4.481567283714372	0.9675445071171205	79.3613254879692	May	ASB	Empire	Flower	3	Conventional	Low	2023-05-15T00:00:00Z	ASB_Empire_3
2023-1-ASB-EM-LE-1	4.602165512618732	0.9613590171458062	100.11262549436671	May	ASB	Empire	Leaf	1	Conventional	Low	2023-05-15T00:00:00Z	ASB_Empire_1
2023-1-ASB-EM-LE-2	4.097191441332412	0.9397136796333545	76.900174640775	May	ASB	Empire	Leaf	2	Conventional	Low	2023-05-15T00:00:00Z	ASB_Empire_2
2023-1-ASB-EM-LE-3	4.550154272512543	0.9576127561807315	93.75356920157903	May	ASB	Empire	Leaf	3	Conventional	Low	2023-05-15T00:00:00Z	ASB_Empire_3
2023-1-ASB-HC-FL-2	4.941902564794149	0.9822616587744214	96.59653641837716	May	ASB	Honeycrisp	Flower	2	Conventional	Moderate	2023-05-15T00:00:00Z	ASB_Honeycrisp_2
2023-1-ASB-HC-FL-3	4.813636766976581	0.9795118863065491	93.90415509575988	May	ASB	Honeycrisp	Flower	3	Conventional	Moderate	2023-05-15T00:00:00Z	ASB_Honeycrisp_3
2023-1-ASB-HC-LE-1	4.978917328970265	0.9797875332838437	117.5144112855172	May	ASB	Honeycrisp	Leaf	1	Conventional	Moderate	2023-05-15T00:00:00Z	ASB_Honeycrisp_1
2023-1-ASB-HC-LE-2	4.949359589936209	0.979825249686108	118.13533949791295	May	ASB	Honeycrisp	Leaf	2	Conventional	Moderate	2023-05-15T00:00:00Z	ASB_Honeycrisp_2
2023-1-ASB-HC-LE-3	4.748778122485245	0.968049624915667	119.1711633025722	May	ASB	Honeycrisp	Leaf	3	Conventional	Moderate	2023-05-15T00:00:00Z	ASB_Honeycrisp_3
2023-1-ASB-LI-FL-1	4.72092535819399	0.9711399024731385	103.70847170445896	May	ASB	Liberty	Flower	1	Conventional	Low	2023-05-15T00:00:00Z	ASB_Liberty_1
2023-1-ASB-LI-FL-2	4.272745264317003	0.9451215772364946	76.4585409242727	May	ASB	Liberty	Flower	2	Conventional	Low	2023-05-15T00:00:00Z	ASB_Liberty_2
2023-1-ASB-LI-LE-1	4.581332039857317	0.9621619887753169	114.0151473284101	May	ASB	Liberty	Leaf	1	Conventional	Low	2023-05-15T00:00:00Z	ASB_Liberty_1
2023-1-ASB-LI-LE-2	5.197948507853314	0.987128484625455	122.21902096156181	May	ASB	Liberty	Leaf	2	Conventional	Low	2023-05-15T00:00:00Z	ASB_Liberty_2
2023-1-ASB-LI-LE-3	3.217659457279506	0.7663571101763087	69.34595187277982	May	ASB	Liberty	Leaf	3	Conventional	Low	2023-05-15T00:00:00Z	ASB_Liberty_3
2023-1-ASB-PR-FL-1	4.797343587316426	0.9815401122750322	85.5200788066358	May	ASB	Paulared	Flower	1	Conventional	High	2023-05-15T00:00:00Z	ASB_Paulared_1
2023-1-ASB-PR-FL-2	4.281513316633745	0.9456274000145227	85.26368198708617	May	ASB	Paulared	Flower	2	Conventional	High	2023-05-15T00:00:00Z	ASB_Paulared_2
2023-1-ASB-PR-FL-3	4.4555520162824775	0.9664271146388286	75.77187469056433	May	ASB	Paulared	Flower	3	Conventional	High	2023-05-15T00:00:00Z	ASB_Paulared_3
2023-1-ASB-PR-LE-1	4.72852455656087	0.9729580445561132	102.77000031086837	May	ASB	Paulared	Leaf	1	Conventional	High	2023-05-15T00:00:00Z	ASB_Paulared_1
2023-1-ASB-PR-LE-2	4.299050105070333	0.9488318842480091	84.27489902819977	May	ASB	Paulared	Leaf	2	Conventional	High	2023-05-15T00:00:00Z	ASB_Paulared_2
2023-1-ASB-PR-LE-3	1.2758260762217364	0.3336428193257466	22.293026022411944	May	ASB	Paulared	Leaf	3	Conventional	High	2023-05-15T00:00:00Z	ASB_Paulared_3
2023-1-ASB-SP-FL-1	4.486614704899894	0.9652194847868953	76.86477161241935	May	ASB	Spartan	Flower	1	Conventional	Moderate	2023-05-15T00:00:00Z	ASB_Spartan_1
2023-1-ASB-SP-FL-2	4.793901171756487	0.9820861188835099	90.10409597144425	May	ASB	Spartan	Flower	2	Conventional	Moderate	2023-05-15T00:00:00Z	ASB_Spartan_2
2023-1-ASB-SP-FL-3	4.75229180539538	0.9805249418215682	81.75086819136529	May	ASB	Spartan	Flower	3	Conventional	Moderate	2023-05-15T00:00:00Z	ASB_Spartan_3
2023-1-ASB-SP-LE-1	4.995520594729723	0.9828830981874273	113.7748247516611	May	ASB	Spartan	Leaf	1	Conventional	Moderate	2023-05-15T00:00:00Z	ASB_Spartan_1
2023-1-ASB-SP-LE-2	4.660465526740436	0.9702294214726881	99.04950886152588	May	ASB	Spartan	Leaf	2	Conventional	Moderate	2023-05-15T00:00:00Z	ASB_Spartan_2
2023-1-ASB-SP-LE-3	3.998586860968649	0.9293413165209832	74.86297306089554	May	ASB	Spartan	Leaf	3	Conventional	Moderate	2023-05-15T00:00:00Z	ASB_Spartan_3
2023-1-COM-EM-FL-1	4.09918269382197	0.9478604225224027	71.21660765375928	May	COM	Empire	Flower	1	Organic	Low	2023-05-15T00:00:00Z	COM_Empire_1
2023-1-COM-EM-FL-2	4.373410636253874	0.9625775741797037	79.63962702772426	May	COM	Empire	Flower	2	Organic	Low	2023-05-15T00:00:00Z	COM_Empire_2
2023-1-COM-EM-LE-1	3.6526974620262584	0.9010275780923401	57.755812150048335	May	COM	Empire	Leaf	1	Organic	Low	2023-05-15T00:00:00Z	COM_Empire_1
2023-1-COM-EM-LE-2	4.026512378010875	0.9374880594100311	68.4653043586574	May	COM	Empire	Leaf	2	Organic	Low	2023-05-15T00:00:00Z	COM_Empire_2
2023-1-COM-EM-LE-3	3.4095024467353183	0.8433948004943321	60.927177078878415	May	COM	Empire	Leaf	3	Organic	Low	2023-05-15T00:00:00Z	COM_Empire_3
2023-1-COM-HC-LE-1	3.3768309154472895	0.8828602568522246	46.81046425097819	May	COM	Honeycrisp	Leaf	1	Organic	Moderate	2023-05-15T00:00:00Z	COM_Honeycrisp_1
2023-1-COM-HC-LE-2	1.3375045793378073	0.49170239150189665	9.14256429826681	May	COM	Honeycrisp	Leaf	2	Organic	Moderate	2023-05-15T00:00:00Z	COM_Honeycrisp_2
2023-1-COM-HC-LE-3	2.8695466666241023	0.8660123047118716	30.116775244595846	May	COM	Honeycrisp	Leaf	3	Organic	Moderate	2023-05-15T00:00:00Z	COM_Honeycrisp_3
2023-1-COM-SP-FL-2	2.7469499671069673	0.820719487959303	22.750508616674495	May	COM	Spartan	Flower	2	Organic	Moderate	2023-05-15T00:00:00Z	COM_Spartan_2
2023-1-COM-SP-LE-1	2.710757547203623	0.7861321371241493	35.67924321374579	May	COM	Spartan	Leaf	1	Organic	Moderate	2023-05-15T00:00:00Z	COM_Spartan_1
2023-1-COM-SP-LE-2	2.4062717236505557	0.7873129777557826	18.33289061369124	May	COM	Spartan	Leaf	2	Organic	Moderate	2023-05-15T00:00:00Z	COM_Spartan_2
2023-1-COM-SP-LE-3	2.224901320427756	0.7155372542882116	25.25666732434217	May	COM	Spartan	Leaf	3	Organic	Moderate	2023-05-15T00:00:00Z	COM_Spartan_3
2023-1-COM-SR-FL-2	2.90934833051502	0.8498330256097899	32.829924554644414	May	COM	Sunrise	Flower	2	Organic	Moderate	2023-05-15T00:00:00Z	COM_Sunrise_2
2023-1-COM-SR-LE-1	2.5984964685603473	0.8045585383237422	18.723528753075755	May	COM	Sunrise	Leaf	1	Organic	Moderate	2023-05-15T00:00:00Z	COM_Sunrise_1
2023-1-COM-SR-LE-2	3.3137702758924017	0.9093417536082615	38.46980234801335	May	COM	Sunrise	Leaf	2	Organic	Moderate	2023-05-15T00:00:00Z	COM_Sunrise_2
2023-1-COM-SR-LE-3	2.542706229757123	0.7263604517790484	32.47160485326267	May	COM	Sunrise	Leaf	3	Organic	Moderate	2023-05-15T00:00:00Z	COM_Sunrise_3
2023-1-MIB-CL-LE-2	2.59527733356469	0.8092247975122685	20.62853664052472	May	MIB	Cortland	Leaf	2	Organic	High	2023-05-25T00:00:00Z	MIB_Cortland_2
2023-1-MIB-CL-LE-3	2.040964184469118	0.6995282277309305	15.676582781046895	May	MIB	Cortland	Leaf	3	Organic	High	2023-05-25T00:00:00Z	MIB_Cortland_3
2023-1-MIB-EM-LE-1	0.9472610044424772	0.28868486782692315	8.083137489296147	May	MIB	Empire	Leaf	1	Organic	Low	2023-05-25T00:00:00Z	MIB_Empire_1
2023-1-MIB-EM-LE-2	1.0860239044600686	0.4440880773165107	4.663036851497261	May	MIB	Empire	Leaf	2	Organic	Low	2023-05-25T00:00:00Z	MIB_Empire_2
2023-1-MIB-HC-LE-1	0.8952304506545361	0.2539230345700808	10.84328484346296	May	MIB	Honeycrisp	Leaf	1	Organic	Moderate	2023-05-25T00:00:00Z	MIB_Honeycrisp_1
2023-1-MIB-HC-LE-2	0.609115420429842	0.16513263131476685	7.4183492746956174	May	MIB	Honeycrisp	Leaf	2	Organic	Moderate	2023-05-25T00:00:00Z	MIB_Honeycrisp_2
2023-1-MIB-HC-LE-3	0.8522833302433068	0.2632065568731634	8.115067719828168	May	MIB	Honeycrisp	Leaf	3	Organic	Moderate	2023-05-25T00:00:00Z	MIB_Honeycrisp_3
2023-1-MIB-LI-LE-2	0.8699393755666134	0.25234458551084016	8.929263017475993	May	MIB	Liberty	Leaf	2	Organic	Low	2023-05-25T00:00:00Z	MIB_Liberty_2
2023-1-MIB-LI-LE-3	4.435251481827267	0.9732322815744447	60.10683882793613	May	MIB	Liberty	Leaf	3	Organic	Low	2023-05-25T00:00:00Z	MIB_Liberty_3
2023-1-MIB-SP-LE-1	2.9624432643523058	0.8804301925792452	28.389688115015318	May	MIB	Spartan	Leaf	1	Organic	Moderate	2023-05-25T00:00:00Z	MIB_Spartan_1
2023-1-MIB-SP-LE-2	2.829134072381175	0.8428537287422251	23.89405140814789	May	MIB	Spartan	Leaf	2	Organic	Moderate	2023-05-25T00:00:00Z	MIB_Spartan_2
2023-1-MIB-SP-LE-3	2.1700851171902924	0.7473342963353038	17.78665902564926	May	MIB	Spartan	Leaf	3	Organic	Moderate	2023-05-25T00:00:00Z	MIB_Spartan_3
2023-1-MIC-EM-LE-2	3.3600280965405465	0.8876446001039143	41.574611997232196	May	MIC	Empire	Leaf	2	Conventional	Low	2023-05-25T00:00:00Z	MIC_Empire_2
2023-1-MIC-HC-LE-1	3.43477894961044	0.9152632287637271	40.42857619679115	May	MIC	Honeycrisp	Leaf	1	Conventional	Moderate	2023-05-25T00:00:00Z	MIC_Honeycrisp_1
2023-1-MIC-HC-LE-2	2.2784741413863503	0.7335417252680841	23.895061654085783	May	MIC	Honeycrisp	Leaf	2	Conventional	Moderate	2023-05-25T00:00:00Z	MIC_Honeycrisp_2
2023-1-MIC-HC-LE-3	3.565895993189548	0.911331558194999	42.02353804464936	May	MIC	Honeycrisp	Leaf	3	Conventional	Moderate	2023-05-25T00:00:00Z	MIC_Honeycrisp_3
2023-1-MIC-LI-LE-1	4.319642727524044	0.9688652861758459	60.341920380144735	May	MIC	Liberty	Leaf	1	Conventional	Low	2023-05-25T00:00:00Z	MIC_Liberty_1
2023-1-MIC-SP-LE-1	2.74965911537778	0.825597593482042	27.136622959121585	May	MIC	Spartan	Leaf	1	Conventional	Moderate	2023-05-25T00:00:00Z	MIC_Spartan_1
2023-1-MIC-SP-LE-2	1.3890307939426934	0.40544956189050274	15.305879302603318	May	MIC	Spartan	Leaf	2	Conventional	Moderate	2023-05-25T00:00:00Z	MIC_Spartan_2
2023-1-MIC-SP-LE-3	3.1206817296235743	0.8430620501790298	37.82174595169547	May	MIC	Spartan	Leaf	3	Conventional	Moderate	2023-05-25T00:00:00Z	MIC_Spartan_3
2023-1-PMB-CL-FL-1	2.8760447029370932	0.7529392357035453	50.83256871319339	May	PMB	Cortland	Flower	1	Conventional	High	2023-05-15T00:00:00Z	PMB_Cortland_1
2023-1-PMB-CL-FL-3	4.4231220542469085	0.9646082675763723	85.36764223574417	May	PMB	Cortland	Flower	3	Conventional	High	2023-05-15T00:00:00Z	PMB_Cortland_3
2023-1-PMB-CL-LE-1	4.317314702648342	0.9539408705509629	90.8253137371361	May	PMB	Cortland	Leaf	1	Conventional	High	2023-05-15T00:00:00Z	PMB_Cortland_1
2023-1-PMB-CL-LE-2	3.099214451765237	0.8110785410590629	49.02995622976352	May	PMB	Cortland	Leaf	2	Conventional	High	2023-05-15T00:00:00Z	PMB_Cortland_2
2023-1-PMB-CL-LE-3	3.176801274196816	0.8587094222622655	54.07494333073001	May	PMB	Cortland	Leaf	3	Conventional	High	2023-05-15T00:00:00Z	PMB_Cortland_3
2023-1-PMB-EM-FL-1	3.5551811005208678	0.8956718489708361	56.82796227553464	May	PMB	Empire	Flower	1	Conventional	Low	2023-05-15T00:00:00Z	PMB_Empire_1
2023-1-PMB-EM-FL-2	4.302188312283063	0.9564065362877615	82.01180261561116	May	PMB	Empire	Flower	2	Conventional	Low	2023-05-15T00:00:00Z	PMB_Empire_2
2023-1-PMB-EM-FL-3	4.502752335782369	0.9653791626394715	88.96991680179254	May	PMB	Empire	Flower	3	Conventional	Low	2023-05-15T00:00:00Z	PMB_Empire_3
2023-1-PMB-EM-LE-1	4.12847252998779	0.9561830577921032	80.17286372112459	May	PMB	Empire	Leaf	1	Conventional	Low	2023-05-15T00:00:00Z	PMB_Empire_1
2023-1-PMB-EM-LE-2	3.9277365336839525	0.9283127514573694	84.29083084516127	May	PMB	Empire	Leaf	2	Conventional	Low	2023-05-15T00:00:00Z	PMB_Empire_2
2023-1-PMB-EM-LE-3	4.216535657535884	0.958393168466832	83.17225406052175	May	PMB	Empire	Leaf	3	Conventional	Low	2023-05-15T00:00:00Z	PMB_Empire_3
2023-1-PMB-HC-FL-1	3.749667345796696	0.9193958184847034	71.30839999130465	May	PMB	Honeycrisp	Flower	1	Conventional	Moderate	2023-05-15T00:00:00Z	PMB_Honeycrisp_1
2023-1-PMB-HC-FL-2	4.343918952408806	0.960286743354335	85.28081976613035	May	PMB	Honeycrisp	Flower	2	Conventional	Moderate	2023-05-15T00:00:00Z	PMB_Honeycrisp_2
2023-1-PMB-HC-FL-3	3.753804423654895	0.9309983707924185	57.65834984167648	May	PMB	Honeycrisp	Flower	3	Conventional	Moderate	2023-05-15T00:00:00Z	PMB_Honeycrisp_3
2023-1-PMB-HC-LE-1	3.9068417212244655	0.9207944977761428	80.9022224995929	May	PMB	Honeycrisp	Leaf	1	Conventional	Moderate	2023-05-15T00:00:00Z	PMB_Honeycrisp_1
2023-1-PMB-HC-LE-2	4.666718024253208	0.9721550729266025	103.10392929028728	May	PMB	Honeycrisp	Leaf	2	Conventional	Moderate	2023-05-15T00:00:00Z	PMB_Honeycrisp_2
2023-1-PMB-HC-LE-3	3.783972163320482	0.9278837714428326	67.30136366848207	May	PMB	Honeycrisp	Leaf	3	Conventional	Moderate	2023-05-15T00:00:00Z	PMB_Honeycrisp_3
2023-1-PMB-LI-FL-1	4.485271665269839	0.9635003923210818	92.42483727743246	May	PMB	Liberty	Flower	1	Conventional	Low	2023-05-15T00:00:00Z	PMB_Liberty_1
2023-1-PMB-LI-FL-2	4.700749313843557	0.9707514587787922	102.69684258899977	May	PMB	Liberty	Flower	2	Conventional	Low	2023-05-15T00:00:00Z	PMB_Liberty_2
2023-1-PMB-LI-FL-3	4.306901456260002	0.9617654378169325	73.16117204418101	May	PMB	Liberty	Flower	3	Conventional	Low	2023-05-15T00:00:00Z	PMB_Liberty_3
2023-1-PMB-LI-LE-1	4.218141958624767	0.9570579373287342	80.50184221181662	May	PMB	Liberty	Leaf	1	Conventional	Low	2023-05-15T00:00:00Z	PMB_Liberty_1
2023-1-PMB-LI-LE-3	4.278994030982244	0.9552577722225397	90.23744217215656	May	PMB	Liberty	Leaf	3	Conventional	Low	2023-05-15T00:00:00Z	PMB_Liberty_3
2023-1-PMB-PR-FL-1	4.451966696900332	0.9623128543843734	88.86357339620231	May	PMB	Paulared	Flower	1	Conventional	High	2023-05-15T00:00:00Z	PMB_Paulared_1
2023-1-PMB-PR-FL-2	4.635371374324129	0.9737158974988033	95.69916611249216	May	PMB	Paulared	Flower	2	Conventional	High	2023-05-15T00:00:00Z	PMB_Paulared_2
2023-1-PMB-PR-FL-3	4.273249442587666	0.9465851146402385	82.24181032321269	May	PMB	Paulared	Flower	3	Conventional	High	2023-05-15T00:00:00Z	PMB_Paulared_3
2023-1-PMB-PR-LE-3	4.190601767382247	0.949955974031376	78.06767124124471	May	PMB	Paulared	Leaf	3	Conventional	High	2023-05-15T00:00:00Z	PMB_Paulared_3
2023-1-PMB-SP-FL-1	4.066485146250973	0.9496482504876698	76.25427821062902	May	PMB	Spartan	Flower	1	Conventional	Moderate	2023-05-15T00:00:00Z	PMB_Spartan_1
2023-1-PMB-SP-FL-2	4.055688463535499	0.9594026990844433	59.214211452583754	May	PMB	Spartan	Flower	2	Conventional	Moderate	2023-05-15T00:00:00Z	PMB_Spartan_2
2023-1-PMB-SP-FL-3	4.224818035391144	0.9648602977410344	64.63783689154883	May	PMB	Spartan	Flower	3	Conventional	Moderate	2023-05-15T00:00:00Z	PMB_Spartan_3
2023-1-PMB-SP-LE-1	4.140057424568532	0.95685419825856	78.83395595332668	May	PMB	Spartan	Leaf	1	Conventional	Moderate	2023-05-15T00:00:00Z	PMB_Spartan_1
2023-1-PMB-SP-LE-2	4.1271233712081035	0.9481501690893288	77.76954426453423	May	PMB	Spartan	Leaf	2	Conventional	Moderate	2023-05-15T00:00:00Z	PMB_Spartan_2
2023-1-PMB-SP-LE-3	3.8729546944587847	0.9187824863357357	72.65388139630217	May	PMB	Spartan	Leaf	3	Conventional	Moderate	2023-05-15T00:00:00Z	PMB_Spartan_3
2023-1-PMB-SR-FL-1	3.885464741455443	0.9309130682751482	62.12051543803506	May	PMB	Sunrise	Flower	1	Conventional	Moderate	2023-05-15T00:00:00Z	PMB_Sunrise_1
2023-1-PMB-SR-FL-2	4.115426429896822	0.9603974251329416	56.12325631362039	May	PMB	Sunrise	Flower	2	Conventional	Moderate	2023-05-15T00:00:00Z	PMB_Sunrise_2
2023-1-PMB-SR-FL-3	4.103329409274031	0.9433439714737104	71.71828925925185	May	PMB	Sunrise	Flower	3	Conventional	Moderate	2023-05-15T00:00:00Z	PMB_Sunrise_3
2023-1-PMB-SR-LE-1	4.017573201997721	0.9429851369175902	69.16082087118996	May	PMB	Sunrise	Leaf	1	Conventional	Moderate	2023-05-15T00:00:00Z	PMB_Sunrise_1
2023-1-PMB-SR-LE-2	1.7339680960139399	0.6415655197355468	13.791508600868337	May	PMB	Sunrise	Leaf	2	Conventional	Moderate	2023-05-15T00:00:00Z	PMB_Sunrise_2
2023-1-PMB-SR-LE-3	4.0934354115315745	0.950761765578813	71.48186197281036	May	PMB	Sunrise	Leaf	3	Conventional	Moderate	2023-05-15T00:00:00Z	PMB_Sunrise_3
2023-1-PMP-PR-LE-1	4.362517669441953	0.9641785825823541	89.80574006589187	May	PMB	Paulared	Leaf	1	Conventional	High	2023-05-15T00:00:00Z	PMB_Paulared_1
2023-1-PMP-PR-LE-2	3.2885501786305515	0.8762412044997434	52.731887631032336	May	PMB	Paulared	Leaf	2	Conventional	High	2023-05-15T00:00:00Z	PMB_Paulared_2
2023-1-VBS-CL-FL-1	3.935031598744628	0.9493599138797066	53.49173449337749	May	VBS	Cortland	Flower	1	Organic	High	2023-05-23T00:00:00Z	VBS_Cortland_1
2023-1-VBS-CL-FL-2	3.843052901177326	0.9544935744645153	41.14985107497794	May	VBS	Cortland	Flower	2	Organic	High	2023-05-23T00:00:00Z	VBS_Cortland_2
2023-1-VBS-CL-FL-3	4.140284919464926	0.965552940081679	52.77002049433269	May	VBS	Cortland	Flower	3	Organic	High	2023-05-23T00:00:00Z	VBS_Cortland_3
2023-1-VBS-CL-LE-1	4.073544837979475	0.9648091867286204	48.38978145003897	May	VBS	Cortland	Leaf	1	Organic	High	2023-05-23T00:00:00Z	VBS_Cortland_1
2023-1-VBS-CL-LE-2	3.3736340622043484	0.9328806660082161	25.3165600267276	May	VBS	Cortland	Leaf	2	Organic	High	2023-05-23T00:00:00Z	VBS_Cortland_2
2023-1-VBS-CL-LE-3	3.5507451152713294	0.9315020786320016	31.858280587337546	May	VBS	Cortland	Leaf	3	Organic	High	2023-05-23T00:00:00Z	VBS_Cortland_3
2023-1-VBS-FR-FL-1	3.5060570371698003	0.9154909371362749	42.50283242401395	May	VBS	Freedom	Flower	1	Organic	Low	2023-05-23T00:00:00Z	VBS_Freedom_1
2023-1-VBS-FR-FL-2	4.031213620504986	0.9589130908344914	52.483282692840625	May	VBS	Freedom	Flower	2	Organic	Low	2023-05-23T00:00:00Z	VBS_Freedom_2
2023-1-VBS-FR-FL-3	4.05569548867879	0.9585398041989989	51.98551839297231	May	VBS	Freedom	Flower	3	Organic	Low	2023-05-23T00:00:00Z	VBS_Freedom_3
2023-1-VBS-FR-LE-1	2.853105591406306	0.8615406198602593	25.76264943272432	May	VBS	Freedom	Leaf	1	Organic	Low	2023-05-23T00:00:00Z	VBS_Freedom_1
2023-1-VBS-FR-LE-2	2.743317119327363	0.8044312895273185	22.82411852032973	May	VBS	Freedom	Leaf	2	Organic	Low	2023-05-23T00:00:00Z	VBS_Freedom_2
2023-1-VBS-FR-LE-3	3.751281457655148	0.9506694132667269	39.248578083952175	May	VBS	Freedom	Leaf	3	Organic	Low	2023-05-23T00:00:00Z	VBS_Freedom_3
2023-1-VBS-HC-FL-1	4.08353174917065	0.9502700423904163	62.06570690108848	May	VBS	Honeycrisp	Flower	1	Organic	Moderate	2023-05-23T00:00:00Z	VBS_Honeycrisp_1
2023-1-VBS-HC-FL-2	3.7608768347796544	0.9498523420475847	40.0007661555509	May	VBS	Honeycrisp	Flower	2	Organic	Moderate	2023-05-23T00:00:00Z	VBS_Honeycrisp_2
2023-1-VBS-HC-FL-3	4.299004910143448	0.9666893670059734	62.893970723087115	May	VBS	Honeycrisp	Flower	3	Organic	Moderate	2023-05-23T00:00:00Z	VBS_Honeycrisp_3
2023-1-VBS-HC-LE-1	3.4980158231484233	0.9134422667628261	41.19400252256043	May	VBS	Honeycrisp	Leaf	1	Organic	Moderate	2023-05-23T00:00:00Z	VBS_Honeycrisp_1
2023-1-VBS-HC-LE-2	3.2221805637848724	0.8925910886363654	29.27998975696416	May	VBS	Honeycrisp	Leaf	2	Organic	Moderate	2023-05-23T00:00:00Z	VBS_Honeycrisp_2
2023-1-VBS-HC-LE-3	3.9171668294649566	0.9551597800746011	49.44037364098158	May	VBS	Honeycrisp	Leaf	3	Organic	Moderate	2023-05-23T00:00:00Z	VBS_Honeycrisp_3
2023-1-VBS-LI-FL-1	3.91653579283665	0.9559447747273316	39.18266014990782	May	VBS	Liberty	Flower	1	Organic	Low	2023-05-23T00:00:00Z	VBS_Liberty_1
2023-1-VBS-LI-LE-2	3.8975456911278847	0.9534741741341619	46.6307016264281	May	VBS	Liberty	Leaf	2	Organic	Low	2023-05-23T00:00:00Z	VBS_Liberty_2
2023-1-VBS-LI-LE-3	3.780937035735886	0.9491279756302694	40.38528757556238	May	VBS	Liberty	Leaf	3	Organic	Low	2023-05-23T00:00:00Z	VBS_Liberty_3
2023-1-VBS-PR-FL-1	3.1976771567271483	0.897192842202328	30.334290589337247	May	VBS	Paulared	Flower	1	Organic	High	2023-05-23T00:00:00Z	VBS_Paulared_1
2023-1-VBS-PR-FL-2	3.1325845680468305	0.864111680029553	33.19414685438426	May	VBS	Paulared	Flower	2	Organic	High	2023-05-23T00:00:00Z	VBS_Paulared_2
2023-1-VBS-PR-FL-3	2.760841161299253	0.7926880938130297	25.26839139506855	May	VBS	Paulared	Flower	3	Organic	High	2023-05-23T00:00:00Z	VBS_Paulared_3
2023-1-VBS-PR-LE-1	2.8461037340817312	0.8397680335513836	20.76313782951141	May	VBS	Paulared	Leaf	1	Organic	High	2023-05-23T00:00:00Z	VBS_Paulared_1
2023-1-VBS-PR-LE-2	3.127847657339189	0.9140066028378245	19.837437573210725	May	VBS	Paulared	Leaf	2	Organic	High	2023-05-23T00:00:00Z	VBS_Paulared_2
2023-1-VBS-PR-LE-3	2.1179954905877896	0.7642693134416324	9.715019922299701	May	VBS	Paulared	Leaf	3	Organic	High	2023-05-23T00:00:00Z	VBS_Paulared_3
2023-1-VBS-SP-FL-1	3.962938746533262	0.9533493927659237	48.50131785583922	May	VBS	Spartan	Flower	1	Organic	Moderate	2023-05-23T00:00:00Z	VBS_Spartan_1
2023-1-VBS-SP-FL-2	3.222018767131805	0.8225661817112816	41.38242933418308	May	VBS	Spartan	Flower	2	Organic	Moderate	2023-05-23T00:00:00Z	VBS_Spartan_2
2023-1-VBS-SP-LE-1	3.6610202418568	0.9425928158360952	37.9249501936026	May	VBS	Spartan	Leaf	1	Organic	Moderate	2023-05-23T00:00:00Z	VBS_Spartan_1
2023-1-VBS-SP-LE-3	2.6842011711777576	0.8612251415422556	17.420166951688067	May	VBS	Spartan	Leaf	3	Organic	Moderate	2023-05-23T00:00:00Z	VBS_Spartan_3
2023-2-ASB-CL-LE-1	1.9081507527777841	0.7808959020247717	6.737117258179628	July	ASB	Cortland	Leaf	1	Conventional	High	2023-07-19T00:00:00Z	ASB_Cortland_1
2023-2-ASB-CL-LE-2	2.7882249283212275	0.8782771852425236	16.70049044765678	July	ASB	Cortland	Leaf	2	Conventional	High	2023-07-19T00:00:00Z	ASB_Cortland_2
2023-2-ASB-EM-LE-1	1.5208026059461355	0.7481122411932197	2.2592286714178598	July	ASB	Empire	Leaf	1	Conventional	Low	2023-07-19T00:00:00Z	ASB_Empire_1
2023-2-ASB-EM-LE-2	1.548701409375446	0.7426306732342551	2.6089203045190277	July	ASB	Empire	Leaf	2	Conventional	Low	2023-07-19T00:00:00Z	ASB_Empire_2
2023-2-ASB-EM-LE-3	1.504434727732042	0.6750975162867883	3.186084352502213	July	ASB	Empire	Leaf	3	Conventional	Low	2023-07-19T00:00:00Z	ASB_Empire_3
2023-2-ASB-HC-LE-1	1.6502532359952102	0.7523435280416163	2.9816117111900446	July	ASB	Honeycrisp	Leaf	1	Conventional	Moderate	2023-07-19T00:00:00Z	ASB_Honeycrisp_1
2023-2-ASB-HC-LE-3	1.6906541315354262	0.7711837521968924	2.999720110089422	July	ASB	Honeycrisp	Leaf	3	Conventional	Moderate	2023-07-19T00:00:00Z	ASB_Honeycrisp_3
2023-2-ASB-LI-LE-1	2.0033854658156733	0.7928565839091253	6.395350168547265	July	ASB	Liberty	Leaf	1	Conventional	Low	2023-07-19T00:00:00Z	ASB_Liberty_1
2023-2-ASB-LI-LE-2	1.8282553120675051	0.7811281927639496	4.331896034967434	July	ASB	Liberty	Leaf	2	Conventional	Low	2023-07-19T00:00:00Z	ASB_Liberty_2
2023-2-ASB-LI-LE-3	1.7126443547909962	0.7524076811744396	4.655197613365025	July	ASB	Liberty	Leaf	3	Conventional	Low	2023-07-19T00:00:00Z	ASB_Liberty_3
2023-2-ASB-PR-LE-1	1.197046294466897	0.4920354943069384	2.5534586610127956	July	ASB	Paulared	Leaf	1	Conventional	High	2023-07-19T00:00:00Z	ASB_Paulared_1
2023-2-ASB-PR-LE-2	1.3496674043655301	0.6497076802579659	1.8910279125150424	July	ASB	Paulared	Leaf	2	Conventional	High	2023-07-19T00:00:00Z	ASB_Paulared_2
2023-2-ASB-SP-LE-1	1.7277156150547028	0.6688669076286529	5.986796275050526	July	ASB	Spartan	Leaf	1	Conventional	Moderate	2023-07-19T00:00:00Z	ASB_Spartan_1
2023-2-ASB-SP-LE-2	1.540781651317899	0.7487001940808509	2.325523694439707	July	ASB	Spartan	Leaf	2	Conventional	Moderate	2023-07-19T00:00:00Z	ASB_Spartan_2
2023-2-ASB-SP-LE-3	1.6514976169413664	0.7563576812096884	2.6029596279076657	July	ASB	Spartan	Leaf	3	Conventional	Moderate	2023-07-19T00:00:00Z	ASB_Spartan_3
2023-2-COM-EM-LE-1	3.1091066370717684	0.9079406068886366	19.180185427004446	July	COM	Empire	Leaf	1	Organic	Low	2023-07-17T00:00:00Z	COM_Empire_1
2023-2-COM-EM-LE-2	3.394820546291283	0.932139027593602	23.460571278251752	July	COM	Empire	Leaf	2	Organic	Low	2023-07-17T00:00:00Z	COM_Empire_2
2023-2-COM-EM-LE-3	3.3543972927142245	0.9388328077711299	20.62458813165334	July	COM	Empire	Leaf	3	Organic	Low	2023-07-17T00:00:00Z	COM_Empire_3
2023-2-COM-HC-LE-1	3.1116148486385447	0.9028915438416166	21.28769191425186	July	COM	Honeycrisp	Leaf	1	Organic	Moderate	2023-07-17T00:00:00Z	COM_Honeycrisp_1
2023-2-COM-HC-LE-2	2.861207422534498	0.8731579767370872	18.59413384920134	July	COM	Honeycrisp	Leaf	2	Organic	Moderate	2023-07-17T00:00:00Z	COM_Honeycrisp_2
2023-2-COM-HC-LE-3	3.07344761074391	0.8932079456827411	20.589975795871137	July	COM	Honeycrisp	Leaf	3	Organic	Moderate	2023-07-17T00:00:00Z	COM_Honeycrisp_3
2023-2-COM-SP-LE-1	3.0080297671458793	0.8718780864882929	18.72855056359851	July	COM	Spartan	Leaf	1	Organic	Moderate	2023-07-17T00:00:00Z	COM_Spartan_1
2023-2-COM-SP-LE-2	3.2553609057724735	0.9208100073247371	20.87045726777233	July	COM	Spartan	Leaf	2	Organic	Moderate	2023-07-17T00:00:00Z	COM_Spartan_2
2023-2-COM-SP-LE-3	3.2012684419493556	0.9108754364704217	22.570097915145258	July	COM	Spartan	Leaf	3	Organic	Moderate	2023-07-17T00:00:00Z	COM_Spartan_3
2023-2-COM-SR-LE-1	2.9792254213927576	0.8867009850678298	18.292508549065442	July	COM	Sunrise	Leaf	1	Organic	Moderate	2023-07-17T00:00:00Z	COM_Sunrise_1
2023-2-COM-SR-LE-2	3.0275698012848897	0.8992467999218885	19.633565905345105	July	COM	Sunrise	Leaf	2	Organic	Moderate	2023-07-17T00:00:00Z	COM_Sunrise_2
2023-2-COM-SR-LE-3	2.7184319109579684	0.8463113006095959	15.5718588348812	July	COM	Sunrise	Leaf	3	Organic	Moderate	2023-07-17T00:00:00Z	COM_Sunrise_3
2023-2-MIB-CL-LE-1	2.2134097757695375	0.7778154941800419	8.877371491673394	July	MIB	Cortland	Leaf	1	Organic	High	2023-07-21T00:00:00Z	MIB_Cortland_1
2023-2-MIB-CL-LE-2	2.235810087762062	0.7854084756863152	10.06196168984254	July	MIB	Cortland	Leaf	2	Organic	High	2023-07-21T00:00:00Z	MIB_Cortland_2
2023-2-MIB-CL-LE-3	2.2943803750660727	0.7921054282715103	9.5819195467209	July	MIB	Cortland	Leaf	3	Organic	High	2023-07-21T00:00:00Z	MIB_Cortland_3
2023-2-MIB-EM-LE-1	1.9578510090469383	0.7690547141625445	6.14230898748451	July	MIB	Empire	Leaf	1	Organic	Low	2023-07-21T00:00:00Z	MIB_Empire_1
2023-2-MIB-EM-LE-2	1.878235499839404	0.6825593716094887	6.255845293471716	July	MIB	Empire	Leaf	2	Organic	Low	2023-07-21T00:00:00Z	MIB_Empire_2
2023-2-MIB-EM-LE-3	1.8669377262892817	0.7226924435364301	6.436018503155806	July	MIB	Empire	Leaf	3	Organic	Low	2023-07-21T00:00:00Z	MIB_Empire_3
2023-2-MIB-HC-LE-1	1.9095349682605312	0.7726169754829286	5.349733391035831	July	MIB	Honeycrisp	Leaf	1	Organic	Moderate	2023-07-21T00:00:00Z	MIB_Honeycrisp_1
2023-2-MIB-HC-LE-2	1.9702187476093118	0.7455394185752218	6.538878111124343	July	MIB	Honeycrisp	Leaf	2	Organic	Moderate	2023-07-21T00:00:00Z	MIB_Honeycrisp_2
2023-2-MIB-HC-LE-3	1.7995986924120566	0.6990551864987963	5.842819442942008	July	MIB	Honeycrisp	Leaf	3	Organic	Moderate	2023-07-21T00:00:00Z	MIB_Honeycrisp_3
2023-2-MIB-LI-LE-1	2.5663003923547447	0.8447504760373951	11.431172487983986	July	MIB	Liberty	Leaf	1	Organic	Low	2023-07-21T00:00:00Z	MIB_Liberty_1
2023-2-MIB-LI-LE-2	2.1977815923961477	0.8065120364671787	8.639432764288694	July	MIB	Liberty	Leaf	2	Organic	Low	2023-07-21T00:00:00Z	MIB_Liberty_2
2023-2-MIB-LI-LE-3	2.324701235664299	0.8443870591146445	6.982165117133934	July	MIB	Liberty	Leaf	3	Organic	Low	2023-07-21T00:00:00Z	MIB_Liberty_3
2023-2-MIB-SP-LE-1	2.0206584419044398	0.7153014386516274	7.606672134197638	July	MIB	Spartan	Leaf	1	Organic	Moderate	2023-07-21T00:00:00Z	MIB_Spartan_1
2023-2-MIB-SP-LE-2	2.0999939255480977	0.71480936297349	8.738960890604963	July	MIB	Spartan	Leaf	2	Organic	Moderate	2023-07-21T00:00:00Z	MIB_Spartan_2
2023-2-MIB-SP-LE-3	1.7113449392929732	0.5852626859295249	9.241716285368444	July	MIB	Spartan	Leaf	3	Organic	Moderate	2023-07-21T00:00:00Z	MIB_Spartan_3
2023-2-MIC-CL-LE-2	1.0914870129252667	0.4713707832533537	2.129616041362199	July	MIC	Cortland	Leaf	2	Conventional	High	2023-07-21T00:00:00Z	MIC_Cortland_2
2023-2-MIC-EM-LE-1	0.34146630539011	0.13368561158027514	0.7298942333924461	July	MIC	Empire	Leaf	1	Conventional	Low	2023-07-21T00:00:00Z	MIC_Empire_1
2023-2-MIC-EM-LE-2	1.0345295178408573	0.540675906127752	1.4207293452224299	July	MIC	Empire	Leaf	2	Conventional	Low	2023-07-21T00:00:00Z	MIC_Empire_2
2023-2-MIC-EM-LE-3	1.1971791073366758	0.5937728457413245	1.505099085697212	July	MIC	Empire	Leaf	3	Conventional	Low	2023-07-21T00:00:00Z	MIC_Empire_3
2023-2-MIC-HC-LE-1	1.3124846818419214	0.6130801188031418	3.735368882519779	July	MIC	Honeycrisp	Leaf	1	Conventional	Moderate	2023-07-21T00:00:00Z	MIC_Honeycrisp_1
2023-2-MIC-HC-LE-3	1.3212476579267498	0.6673818683507216	1.9743315037373723	July	MIC	Honeycrisp	Leaf	3	Conventional	Moderate	2023-07-21T00:00:00Z	MIC_Honeycrisp_3
2023-2-MIC-LI-LE-1	1.3891950630291932	0.6698179249492939	2.598520537545743	July	MIC	Liberty	Leaf	1	Conventional	Low	2023-07-21T00:00:00Z	MIC_Liberty_1
2023-2-MIC-LI-LE-2	1.3245810886938676	0.6646296284546638	1.987260010910896	July	MIC	Liberty	Leaf	2	Conventional	Low	2023-07-21T00:00:00Z	MIC_Liberty_2
2023-2-MIC-LI-LE-3	1.2608875481974366	0.6451027542843362	2.0372270051952714	July	MIC	Liberty	Leaf	3	Conventional	Low	2023-07-21T00:00:00Z	MIC_Liberty_3
2023-2-MIC-SP-LE-1	1.7732358590817598	0.7927342699690726	2.9993702109723825	July	MIC	Spartan	Leaf	1	Conventional	Moderate	2023-07-21T00:00:00Z	MIC_Spartan_1
2023-2-MIC-SP-LE-2	1.6687706580100956	0.7444185011995221	3.687521791194916	July	MIC	Spartan	Leaf	2	Conventional	Moderate	2023-07-21T00:00:00Z	MIC_Spartan_2
2023-2-MIC-SP-LE-3	1.8171784692963715	0.7318085332126403	6.46660347766612	July	MIC	Spartan	Leaf	3	Conventional	Moderate	2023-07-21T00:00:00Z	MIC_Spartan_3
2023-2-PMB-CL-LE-1	0.8750988727509422	0.42857359386555094	1.8880284831846526	July	PMB	Cortland	Leaf	1	Conventional	High	2023-07-17T00:00:00Z	PMB_Cortland_1
2023-2-PMB-CL-LE-2	1.3772674419336783	0.5616465782763387	4.723238724330935	July	PMB	Cortland	Leaf	2	Conventional	High	2023-07-17T00:00:00Z	PMB_Cortland_2
2023-2-PMB-CL-LE-3	0.8920510975265393	0.33900031089595173	2.466398878059406	July	PMB	Cortland	Leaf	3	Conventional	High	2023-07-17T00:00:00Z	PMB_Cortland_3
2023-2-PMB-EM-LE-1	0.9135775118523217	0.42907624423591206	2.355211097015072	July	PMB	Empire	Leaf	1	Conventional	Low	2023-07-17T00:00:00Z	PMB_Empire_1
2023-2-PMB-EM-LE-2	0.747451789985028	0.3597950906638868	1.5004897045579708	July	PMB	Empire	Leaf	2	Conventional	Low	2023-07-17T00:00:00Z	PMB_Empire_2
2023-2-PMB-EM-LE-3	0.6650916246726438	0.2678742260206519	1.417475197732954	July	PMB	Empire	Leaf	3	Conventional	Low	2023-07-17T00:00:00Z	PMB_Empire_3
2023-2-PMB-HC-LE-1	1.1795618856707877	0.42170110138944483	5.074921464981964	July	PMB	Honeycrisp	Leaf	1	Conventional	Moderate	2023-07-17T00:00:00Z	PMB_Honeycrisp_1
2023-2-PMB-HC-LE-2	0.5683169031146642	0.22015627985147512	1.7786871449745547	July	PMB	Honeycrisp	Leaf	2	Conventional	Moderate	2023-07-17T00:00:00Z	PMB_Honeycrisp_2
2023-2-PMB-HC-LE-3	0.4540577822624092	0.1558371243604959	1.4514245007730042	July	PMB	Honeycrisp	Leaf	3	Conventional	Moderate	2023-07-17T00:00:00Z	PMB_Honeycrisp_3
2023-2-PMB-LI-LE-1	1.2808410453894215	0.5898186158291857	3.7109568404529374	July	PMB	Liberty	Leaf	1	Conventional	Low	2023-07-17T00:00:00Z	PMB_Liberty_1
2023-2-PMB-LI-LE-2	1.278592001561619	0.4016197608568608	7.125185047753884	July	PMB	Liberty	Leaf	2	Conventional	Low	2023-07-17T00:00:00Z	PMB_Liberty_2
2023-2-PMB-LI-LE-3	1.5547014272263346	0.5375084333170478	7.078337004121284	July	PMB	Liberty	Leaf	3	Conventional	Low	2023-07-17T00:00:00Z	PMB_Liberty_3
2023-2-PMB-PR-LE-1	1.914766913401259	0.7605840332017137	5.6502082319726545	July	PMB	Paulared	Leaf	1	Conventional	High	2023-07-17T00:00:00Z	PMB_Paulared_1
2023-2-PMB-PR-LE-2	1.3799102072800231	0.5761004200972728	3.12004434940169	July	PMB	Paulared	Leaf	2	Conventional	High	2023-07-17T00:00:00Z	PMB_Paulared_2
2023-2-PMB-PR-LE-3	0.8156546188697685	0.27500509347675484	3.8314071749666896	July	PMB	Paulared	Leaf	3	Conventional	High	2023-07-17T00:00:00Z	PMB_Paulared_3
2023-2-PMB-SP-LE-1	0.9252261112119198	0.3396090606782898	4.583674897584975	July	PMB	Spartan	Leaf	1	Conventional	Moderate	2023-07-17T00:00:00Z	PMB_Spartan_1
2023-2-PMB-SP-LE-2	0.6845510625437207	0.29440260391221373	2.0026221266209725	July	PMB	Spartan	Leaf	2	Conventional	Moderate	2023-07-17T00:00:00Z	PMB_Spartan_2
2023-2-PMB-SP-LE-3	0.8874265794607737	0.37474488555010677	3.47807092077991	July	PMB	Spartan	Leaf	3	Conventional	Moderate	2023-07-17T00:00:00Z	PMB_Spartan_3
2023-2-PMB-SR-LE-1	0.9339623956722539	0.49569715773422474	2.3997970807023328	July	PMB	Sunrise	Leaf	1	Conventional	Moderate	2023-07-17T00:00:00Z	PMB_Sunrise_1
2023-2-PMB-SR-LE-2	0.8117674084978573	0.35922088487614623	2.580606480439234	July	PMB	Sunrise	Leaf	2	Conventional	Moderate	2023-07-17T00:00:00Z	PMB_Sunrise_2
2023-2-PMB-SR-LE-3	0.9493744738706349	0.41694072744012833	3.206115587755485	July	PMB	Sunrise	Leaf	3	Conventional	Moderate	2023-07-17T00:00:00Z	PMB_Sunrise_3
2023-2-VBS-CL-LE-1	3.0684825074150064	0.9296790016926558	13.78843380522268	July	VBS	Cortland	Leaf	1	Organic	High	2023-07-19T00:00:00Z	VBS_Cortland_1
2023-2-VBS-CL-LE-2	3.1581834503714616	0.9315161782216329	14.75242085471829	July	VBS	Cortland	Leaf	2	Organic	High	2023-07-19T00:00:00Z	VBS_Cortland_2
2023-2-VBS-FR-LE-1	3.1478160325610136	0.9237899555933426	18.787959057374	July	VBS	Freedom	Leaf	1	Organic	Low	2023-07-19T00:00:00Z	VBS_Freedom_1
2023-2-VBS-FR-LE-2	2.9752450994606328	0.9006627512106262	18.568558150949837	July	VBS	Freedom	Leaf	2	Organic	Low	2023-07-19T00:00:00Z	VBS_Freedom_2
2023-2-VBS-FR-LE-3	3.0323866560800967	0.9108810763062742	19.029441593361685	July	VBS	Freedom	Leaf	3	Organic	Low	2023-07-19T00:00:00Z	VBS_Freedom_3
2023-2-VBS-HC-LE-1	2.9740056842733122	0.9060872158315834	15.599898813424554	July	VBS	Honeycrisp	Leaf	1	Organic	Moderate	2023-07-19T00:00:00Z	VBS_Honeycrisp_1
2023-2-VBS-HC-LE-2	2.959165512086102	0.9087823523896339	16.907524941993955	July	VBS	Honeycrisp	Leaf	2	Organic	Moderate	2023-07-19T00:00:00Z	VBS_Honeycrisp_2
2023-2-VBS-HC-LE-3	3.0687800674249157	0.9207560763943967	17.94516556776248	July	VBS	Honeycrisp	Leaf	3	Organic	Moderate	2023-07-19T00:00:00Z	VBS_Honeycrisp_3
2023-2-VBS-LI-LE-1	2.9126621216810524	0.8917669676224076	16.879853999153713	July	VBS	Liberty	Leaf	1	Organic	Low	2023-07-19T00:00:00Z	VBS_Liberty_1
2023-2-VBS-LI-LE-2	2.7555921220682933	0.8868091994182511	14.836330700284176	July	VBS	Liberty	Leaf	2	Organic	Low	2023-07-19T00:00:00Z	VBS_Liberty_2
2023-2-VBS-LI-LE-3	3.008559451654737	0.9153203321017342	15.706347019337615	July	VBS	Liberty	Leaf	3	Organic	Low	2023-07-19T00:00:00Z	VBS_Liberty_3
2023-2-VBS-PR-LE-1	3.205467885727736	0.9306846549231186	17.692173814252435	July	VBS	Paulared	Leaf	1	Organic	High	2023-07-19T00:00:00Z	VBS_Paulared_1
2023-2-VBS-PR-LE-2	2.8404226358500813	0.9078972506505198	10.72689753910429	July	VBS	Paulared	Leaf	2	Organic	High	2023-07-19T00:00:00Z	VBS_Paulared_2
2023-2-VBS-PR-LE-3	2.937561750667887	0.9095451401886949	12.68735329645965	July	VBS	Paulared	Leaf	3	Organic	High	2023-07-19T00:00:00Z	VBS_Paulared_3
2023-2-VBS-SP-LE-1	2.9738525224675194	0.8937751016756659	16.829839359397944	July	VBS	Spartan	Leaf	1	Organic	Moderate	2023-07-19T00:00:00Z	VBS_Spartan_1
2023-2-VBS-SP-LE-2	3.064241178594301	0.9208339766271103	14.436679542224029	July	VBS	Spartan	Leaf	2	Organic	Moderate	2023-07-19T00:00:00Z	VBS_Spartan_2
2023-2-VBS-SP-LE-3	3.320646043309787	0.9459224339275606	15.69181307182533	July	VBS	Spartan	Leaf	3	Organic	Moderate	2023-07-19T00:00:00Z	VBS_Spartan_3
2023-3-ASB-CL-LE-1	2.856620675564189	0.9066402722348766	12.01882444575735	August	ASB	Cortland	Leaf	1	Conventional	High	2023-08-23T00:00:00Z	ASB_Cortland_1
2023-3-ASB-CL-LE-2	1.9840068179309847	0.8149908246920474	5.25028486692666	August	ASB	Cortland	Leaf	2	Conventional	High	2023-08-23T00:00:00Z	ASB_Cortland_2
2023-3-ASB-CL-LE-3	1.768590242289301	0.7538761534345543	4.336593748560081	August	ASB	Cortland	Leaf	3	Conventional	High	2023-08-23T00:00:00Z	ASB_Cortland_3
2023-3-ASB-EM-LE-1	1.6277671867793797	0.7495292499511799	2.81742210866088	August	ASB	Empire	Leaf	1	Conventional	Low	2023-08-23T00:00:00Z	ASB_Empire_1
2023-3-ASB-EM-LE-2	1.782300326413631	0.7678312222722758	5.989705694548339	August	ASB	Empire	Leaf	2	Conventional	Low	2023-08-23T00:00:00Z	ASB_Empire_2
2023-3-ASB-EM-LE-3	1.6983916154452459	0.7349869332053086	3.6306143008465295	August	ASB	Empire	Leaf	3	Conventional	Low	2023-08-23T00:00:00Z	ASB_Empire_3
2023-3-ASB-HC-LE-1	1.8945031821672316	0.8084581323260587	4.408934901870708	August	ASB	Honeycrisp	Leaf	1	Conventional	Moderate	2023-08-23T00:00:00Z	ASB_Honeycrisp_1
2023-3-ASB-HC-LE-2	1.9156478820494884	0.7988848634560493	4.896279366751819	August	ASB	Honeycrisp	Leaf	2	Conventional	Moderate	2023-08-23T00:00:00Z	ASB_Honeycrisp_2
2023-3-ASB-HC-LE-3	1.801133862814286	0.7812187826273317	4.354177086710522	August	ASB	Honeycrisp	Leaf	3	Conventional	Moderate	2023-08-23T00:00:00Z	ASB_Honeycrisp_3
2023-3-ASB-LI-LE-1	2.146681249919445	0.8028824496063043	8.150968479490789	August	ASB	Liberty	Leaf	1	Conventional	Low	2023-08-23T00:00:00Z	ASB_Liberty_1
2023-3-ASB-LI-LE-2	1.855024889592794	0.7880930375521421	5.6515454890478845	August	ASB	Liberty	Leaf	2	Conventional	Low	2023-08-23T00:00:00Z	ASB_Liberty_2
2023-3-ASB-LI-LE-3	1.6657165899944968	0.7364219189400487	4.052810491490174	August	ASB	Liberty	Leaf	3	Conventional	Low	2023-08-23T00:00:00Z	ASB_Liberty_3
2023-3-ASB-PR-LE-1	1.8927006396669597	0.8091807362946702	3.737559830219021	August	ASB	Paulared	Leaf	1	Conventional	High	2023-08-23T00:00:00Z	ASB_Paulared_1
2023-3-ASB-PR-LE-2	1.816662912651229	0.794801622298783	3.7763349016834487	August	ASB	Paulared	Leaf	2	Conventional	High	2023-08-23T00:00:00Z	ASB_Paulared_2
2023-3-ASB-PR-LE-3	1.8007599120652107	0.7761612598265328	3.744124980870184	August	ASB	Paulared	Leaf	3	Conventional	High	2023-08-23T00:00:00Z	ASB_Paulared_3
2023-3-ASB-SP-LE-1	1.5359301491503268	0.7334553652815932	2.2305225617340665	August	ASB	Spartan	Leaf	1	Conventional	Moderate	2023-08-23T00:00:00Z	ASB_Spartan_1
2023-3-ASB-SP-LE-2	1.5370341109438268	0.6896299633199172	2.5167782905722715	August	ASB	Spartan	Leaf	2	Conventional	Moderate	2023-08-23T00:00:00Z	ASB_Spartan_2
2023-3-ASB-SP-LE-3	1.654313570420683	0.7212676800041732	3.2513641133864044	August	ASB	Spartan	Leaf	3	Conventional	Moderate	2023-08-23T00:00:00Z	ASB_Spartan_3
2023-3-COM-EM-LE-1	3.204609121029598	0.89526119842282	24.72439180157964	August	COM	Empire	Leaf	1	Organic	Low	2023-08-21T00:00:00Z	COM_Empire_1
2023-3-COM-EM-LE-2	3.491334963623493	0.9304837357708706	28.604860343383667	August	COM	Empire	Leaf	2	Organic	Low	2023-08-21T00:00:00Z	COM_Empire_2
2023-3-COM-EM-LE-3	2.97750100975604	0.8720215498127928	23.06509788737425	August	COM	Empire	Leaf	3	Organic	Low	2023-08-21T00:00:00Z	COM_Empire_3
2023-3-COM-HC-LE-1	3.3230626630200204	0.9227254365761686	24.147114184218633	August	COM	Honeycrisp	Leaf	1	Organic	Moderate	2023-08-21T00:00:00Z	COM_Honeycrisp_1
2023-3-COM-HC-LE-2	2.9784271813910643	0.8808165213351467	19.25780725363882	August	COM	Honeycrisp	Leaf	2	Organic	Moderate	2023-08-21T00:00:00Z	COM_Honeycrisp_2
2023-3-COM-HC-LE-3	3.0663667778954253	0.8780988254336859	21.30571916611965	August	COM	Honeycrisp	Leaf	3	Organic	Moderate	2023-08-21T00:00:00Z	COM_Honeycrisp_3
2023-3-COM-SP-LE-1	3.014785617261885	0.8895290102581566	19.902111411179614	August	COM	Spartan	Leaf	1	Organic	Moderate	2023-08-21T00:00:00Z	COM_Spartan_1
2023-3-COM-SP-LE-2	3.1957524162651483	0.9147119348091375	21.433875038367873	August	COM	Spartan	Leaf	2	Organic	Moderate	2023-08-21T00:00:00Z	COM_Spartan_2
2023-3-COM-SP-LE-3	3.312947866762247	0.9156890363705966	24.588161090798067	August	COM	Spartan	Leaf	3	Organic	Moderate	2023-08-21T00:00:00Z	COM_Spartan_3
2023-3-COM-SR-LE-1	3.1952990702713655	0.9210845968328093	22.44297746769464	August	COM	Sunrise	Leaf	1	Organic	Moderate	2023-08-21T00:00:00Z	COM_Sunrise_1
2023-3-COM-SR-LE-2	3.3873183809125	0.9285774712526994	24.23850320839501	August	COM	Sunrise	Leaf	2	Organic	Moderate	2023-08-21T00:00:00Z	COM_Sunrise_2
2023-3-COM-SR-LE-3	3.2325176568294123	0.9212111406497515	20.185776555459423	August	COM	Sunrise	Leaf	3	Organic	Moderate	2023-08-21T00:00:00Z	COM_Sunrise_3
2023-3-MIB-CL-LE-1	0.9290087479856647	0.3023671096052757	5.101818052334558	August	MIB	Cortland	Leaf	1	Organic	High	2023-08-23T00:00:00Z	MIB_Cortland_1
2023-3-MIB-CL-LE-2	2.015713058912821	0.7372728291743058	9.931693664366675	August	MIB	Cortland	Leaf	2	Organic	High	2023-08-23T00:00:00Z	MIB_Cortland_2
2023-3-MIB-CL-LE-3	2.538833151040144	0.8655311562156984	11.746929141206678	August	MIB	Cortland	Leaf	3	Organic	High	2023-08-23T00:00:00Z	MIB_Cortland_3
2023-3-MIB-EM-LE-1	1.8911268686215803	0.7181907970568508	6.81139091373274	August	MIB	Empire	Leaf	1	Organic	Low	2023-08-23T00:00:00Z	MIB_Empire_1
2023-3-MIB-EM-LE-2	1.7982851832022873	0.7095706604459271	6.317515267917398	August	MIB	Empire	Leaf	2	Organic	Low	2023-08-23T00:00:00Z	MIB_Empire_2
2023-3-MIB-EM-LE-3	2.1539745705581606	0.8095138390997131	7.371997531677075	August	MIB	Empire	Leaf	3	Organic	Low	2023-08-23T00:00:00Z	MIB_Empire_3
2023-3-MIB-HC-LE-1	2.094285633644505	0.7453240473436015	8.712860487081059	August	MIB	Honeycrisp	Leaf	1	Organic	Moderate	2023-08-23T00:00:00Z	MIB_Honeycrisp_1
2023-3-MIB-HC-LE-2	2.4392879241513357	0.8422312318599968	10.438758270184328	August	MIB	Honeycrisp	Leaf	2	Organic	Moderate	2023-08-23T00:00:00Z	MIB_Honeycrisp_2
2023-3-MIB-HC-LE-3	1.8518243690987684	0.6994048563216562	7.237891246028548	August	MIB	Honeycrisp	Leaf	3	Organic	Moderate	2023-08-23T00:00:00Z	MIB_Honeycrisp_3
2023-3-MIB-LI-LE-1	2.159718526765785	0.7813174797547517	7.988026303896228	August	MIB	Liberty	Leaf	1	Organic	Low	2023-08-23T00:00:00Z	MIB_Liberty_1
2023-3-MIB-LI-LE-2	1.8637441757386375	0.6208285482851015	8.54417571840426	August	MIB	Liberty	Leaf	2	Organic	Low	2023-08-23T00:00:00Z	MIB_Liberty_2
2023-3-MIB-LI-LE-3	2.6591120203151326	0.8784012616312803	10.443844478423864	August	MIB	Liberty	Leaf	3	Organic	Low	2023-08-23T00:00:00Z	MIB_Liberty_3
2023-3-MIB-SP-LE-1	2.272945532260497	0.7964036881706558	9.76282553283376	August	MIB	Spartan	Leaf	1	Organic	Moderate	2023-08-23T00:00:00Z	MIB_Spartan_1
2023-3-MIB-SP-LE-2	2.552932342351157	0.8615205279450342	11.96349050042755	August	MIB	Spartan	Leaf	2	Organic	Moderate	2023-08-23T00:00:00Z	MIB_Spartan_2
2023-3-MIB-SP-LE-3	2.551613948766979	0.8222443585779438	14.424431764823018	August	MIB	Spartan	Leaf	3	Organic	Moderate	2023-08-23T00:00:00Z	MIB_Spartan_3
2023-3-MIC-CL-LE-1	1.6724415078395647	0.7065723827108008	3.8951949990474843	August	MIC	Cortland	Leaf	1	Conventional	High	2023-08-23T00:00:00Z	MIC_Cortland_1
2023-3-MIC-CL-LE-2	1.9448806876897393	0.7319248548270993	7.454958509689526	August	MIC	Cortland	Leaf	2	Conventional	High	2023-08-23T00:00:00Z	MIC_Cortland_2
2023-3-MIC-CL-LE-3	2.0395647726299693	0.7447561863711952	7.553086679491328	August	MIC	Cortland	Leaf	3	Conventional	High	2023-08-23T00:00:00Z	MIC_Cortland_3
2023-3-MIC-EM-LE-1	1.6257298969143545	0.7374515414728853	3.5664496901130502	August	MIC	Empire	Leaf	1	Conventional	Low	2023-08-23T00:00:00Z	MIC_Empire_1
2023-3-MIC-EM-LE-2	1.1874061064738448	0.5208515306162014	2.3137598118289184	August	MIC	Empire	Leaf	2	Conventional	Low	2023-08-23T00:00:00Z	MIC_Empire_2
2023-3-MIC-EM-LE-3	1.663559556509931	0.7157628477223166	3.990016929357257	August	MIC	Empire	Leaf	3	Conventional	Low	2023-08-23T00:00:00Z	MIC_Empire_3
2023-3-MIC-HC-LE-1	1.924778269739665	0.7693701924805479	6.691316728670981	August	MIC	Honeycrisp	Leaf	1	Conventional	Moderate	2023-08-23T00:00:00Z	MIC_Honeycrisp_1
2023-3-MIC-HC-LE-2	1.8787586443069526	0.7609530899603167	6.572817596000506	August	MIC	Honeycrisp	Leaf	2	Conventional	Moderate	2023-08-23T00:00:00Z	MIC_Honeycrisp_2
2023-3-MIC-HC-LE-3	1.7289119260687957	0.7266110719847494	6.041800933682788	August	MIC	Honeycrisp	Leaf	3	Conventional	Moderate	2023-08-23T00:00:00Z	MIC_Honeycrisp_3
2023-3-MIC-LI-LE-1	2.0091592880395956	0.7872086407925099	7.301817631390302	August	MIC	Liberty	Leaf	1	Conventional	Low	2023-08-23T00:00:00Z	MIC_Liberty_1
2023-3-MIC-LI-LE-2	1.7744674967068133	0.7293358176810258	5.58098155916394	August	MIC	Liberty	Leaf	2	Conventional	Low	2023-08-23T00:00:00Z	MIC_Liberty_2
2023-3-MIC-LI-LE-3	1.9724433465627977	0.7821028268972233	6.5693995855935965	August	MIC	Liberty	Leaf	3	Conventional	Low	2023-08-23T00:00:00Z	MIC_Liberty_3
2023-3-MIC-SP-LE-1	1.4880244124855302	0.5933488005831586	4.429454500324504	August	MIC	Spartan	Leaf	1	Conventional	Moderate	2023-08-23T00:00:00Z	MIC_Spartan_1
2023-3-MIC-SP-LE-2	1.9348604012738564	0.7805984006835481	5.901016719239056	August	MIC	Spartan	Leaf	2	Conventional	Moderate	2023-08-23T00:00:00Z	MIC_Spartan_2
2023-3-MIC-SP-LE-3	2.000563987729349	0.7660268272891918	5.5727762769027205	August	MIC	Spartan	Leaf	3	Conventional	Moderate	2023-08-23T00:00:00Z	MIC_Spartan_3
2023-3-PMB-CL-LE-1	3.1685587491675893	0.915661894660556	20.250229342234576	August	PMB	Cortland	Leaf	1	Conventional	High	2023-08-21T00:00:00Z	PMB_Cortland_1
2023-3-PMB-CL-LE-2	2.213737513139922	0.717714230927308	12.77028522464255	August	PMB	Cortland	Leaf	2	Conventional	High	2023-08-21T00:00:00Z	PMB_Cortland_2
2023-3-PMB-CL-LE-3	1.4302878017769367	0.5160203062289865	6.812839165715047	August	PMB	Cortland	Leaf	3	Conventional	High	2023-08-21T00:00:00Z	PMB_Cortland_3
2023-3-PMB-EM-LE-1	1.914213215523898	0.7362551912926567	7.3288189295249495	August	PMB	Empire	Leaf	1	Conventional	Low	2023-08-21T00:00:00Z	PMB_Empire_1
2023-3-PMB-EM-LE-2	1.6116941950342594	0.6884752069291017	4.674591447999438	August	PMB	Empire	Leaf	2	Conventional	Low	2023-08-21T00:00:00Z	PMB_Empire_2
2023-3-PMB-EM-LE-3	2.0355510917319846	0.7815684524501916	6.257187303182099	August	PMB	Empire	Leaf	3	Conventional	Low	2023-08-21T00:00:00Z	PMB_Empire_3
2023-3-PMB-HC-LE-1	2.4192290113855357	0.8060058611994099	13.104773807949327	August	PMB	Honeycrisp	Leaf	1	Conventional	Moderate	2023-08-21T00:00:00Z	PMB_Honeycrisp_1
2023-3-PMB-HC-LE-2	2.162359298008768	0.7452052583009564	12.598228654826624	August	PMB	Honeycrisp	Leaf	2	Conventional	Moderate	2023-08-21T00:00:00Z	PMB_Honeycrisp_2
2023-3-PMB-HC-LE-3	1.6928858302463319	0.6181824078010204	7.47003529924433	August	PMB	Honeycrisp	Leaf	3	Conventional	Moderate	2023-08-21T00:00:00Z	PMB_Honeycrisp_3
2023-3-PMB-LI-LE-1	1.6596291066700926	0.6236534010677608	10.718558182172542	August	PMB	Liberty	Leaf	1	Conventional	Low	2023-08-21T00:00:00Z	PMB_Liberty_1
2023-3-PMB-LI-LE-2	2.2533110130627203	0.73213599618183	14.703364134665723	August	PMB	Liberty	Leaf	2	Conventional	Low	2023-08-21T00:00:00Z	PMB_Liberty_2
2023-3-PMB-LI-LE-3	2.2988758943343375	0.7696676938217715	15.67201616513015	August	PMB	Liberty	Leaf	3	Conventional	Low	2023-08-21T00:00:00Z	PMB_Liberty_3
2023-3-PMB-PR-LE-1	2.4212100997453305	0.806384787670755	12.26561959354007	August	PMB	Paulared	Leaf	1	Conventional	High	2023-08-21T00:00:00Z	PMB_Paulared_1
2023-3-PMB-PR-LE-2	1.3031101154098454	0.49044717553495665	3.962619205219591	August	PMB	Paulared	Leaf	2	Conventional	High	2023-08-21T00:00:00Z	PMB_Paulared_2
2023-3-PMB-PR-LE-3	1.4815106507764317	0.5938630831149656	5.302875350762667	August	PMB	Paulared	Leaf	3	Conventional	High	2023-08-21T00:00:00Z	PMB_Paulared_3
2023-3-PMB-SP-LE-1	2.1213235925054517	0.7467801824627889	10.810888717467263	August	PMB	Spartan	Leaf	1	Conventional	Moderate	2023-08-21T00:00:00Z	PMB_Spartan_1
2023-3-PMB-SP-LE-2	2.023946546086641	0.7694050889648858	8.139010557994148	August	PMB	Spartan	Leaf	2	Conventional	Moderate	2023-08-21T00:00:00Z	PMB_Spartan_2
2023-3-PMB-SP-LE-3	1.7412692476665044	0.7102234714458631	5.0372666611583234	August	PMB	Spartan	Leaf	3	Conventional	Moderate	2023-08-21T00:00:00Z	PMB_Spartan_3
2023-3-PMB-SR-LE-1	1.8221684868236492	0.6204432769984223	9.077541694984461	August	PMB	Sunrise	Leaf	1	Conventional	Moderate	2023-08-21T00:00:00Z	PMB_Sunrise_1
2023-3-PMB-SR-LE-2	1.8031246010930593	0.6468147969553341	7.977297762837822	August	PMB	Sunrise	Leaf	2	Conventional	Moderate	2023-08-21T00:00:00Z	PMB_Sunrise_2
2023-3-PMB-SR-LE-3	1.756401637320758	0.6384234261861801	8.537294092873433	August	PMB	Sunrise	Leaf	3	Conventional	Moderate	2023-08-21T00:00:00Z	PMB_Sunrise_3
2023-3-VBS-CL-LE-1	3.0448453946750065	0.9129938998125461	16.6501261332126	August	VBS	Cortland	Leaf	1	Organic	High	2023-08-21T00:00:00Z	VBS_Cortland_1
2023-3-VBS-CL-LE-2	3.2740737308771397	0.9300931771380795	17.39976692857596	August	VBS	Cortland	Leaf	2	Organic	High	2023-08-21T00:00:00Z	VBS_Cortland_2
2023-3-VBS-CL-LE-3	2.9456905221175953	0.9136216840408861	11.809518852026647	August	VBS	Cortland	Leaf	3	Organic	High	2023-08-21T00:00:00Z	VBS_Cortland_3
2023-3-VBS-FR-LE-1	3.451862977910459	0.9387989687560144	25.918986683450672	August	VBS	Freedom	Leaf	1	Organic	Low	2023-08-21T00:00:00Z	VBS_Freedom_1
2023-3-VBS-FR-LE-2	0.9176227631387044	0.30084752633274703	5.510009211547201	August	VBS	Freedom	Leaf	2	Organic	Low	2023-08-21T00:00:00Z	VBS_Freedom_2
2023-3-VBS-FR-LE-3	2.971197059386677	0.9065415751074566	18.183480383526756	August	VBS	Freedom	Leaf	3	Organic	Low	2023-08-21T00:00:00Z	VBS_Freedom_3
2023-3-VBS-HC-LE-1	3.3616107884509825	0.9422512532772734	21.85059181625072	August	VBS	Honeycrisp	Leaf	1	Organic	Moderate	2023-08-21T00:00:00Z	VBS_Honeycrisp_1
2023-3-VBS-HC-LE-2	3.0075868963834504	0.9137112164350458	16.64643188117127	August	VBS	Honeycrisp	Leaf	2	Organic	Moderate	2023-08-21T00:00:00Z	VBS_Honeycrisp_2
2023-3-VBS-LI-LE-1	3.3687134294104615	0.936474651405271	25.11485789968915	August	VBS	Liberty	Leaf	1	Organic	Low	2023-08-21T00:00:00Z	VBS_Liberty_1
2023-3-VBS-LI-LE-2	3.096426589893848	0.894114549296043	23.252664320135157	August	VBS	Liberty	Leaf	2	Organic	Low	2023-08-21T00:00:00Z	VBS_Liberty_2
2023-3-VBS-LI-LE-3	3.0095356588850204	0.9036684312303092	17.596310486496755	August	VBS	Liberty	Leaf	3	Organic	Low	2023-08-21T00:00:00Z	VBS_Liberty_3
2023-3-VBS-PR-LE-1	3.0759444835059098	0.9169135857300874	14.795683782989324	August	VBS	Paulared	Leaf	1	Organic	High	2023-08-21T00:00:00Z	VBS_Paulared_1
2023-3-VBS-PR-LE-2	2.8325811179392772	0.8823283498333783	14.294109923512467	August	VBS	Paulared	Leaf	2	Organic	High	2023-08-21T00:00:00Z	VBS_Paulared_2
2023-3-VBS-PR-LE-3	3.0146536650126565	0.8917486381558866	17.915043470103114	August	VBS	Paulared	Leaf	3	Organic	High	2023-08-21T00:00:00Z	VBS_Paulared_3
2023-3-VBS-SP-LE-1	3.426580371988003	0.9434486609267237	20.99753094117317	August	VBS	Spartan	Leaf	1	Organic	Moderate	2023-08-21T00:00:00Z	VBS_Spartan_1
2023-3-VBS-SP-LE-2	3.1880486699412702	0.923823794608458	16.23806155786493	August	VBS	Spartan	Leaf	2	Organic	Moderate	2023-08-21T00:00:00Z	VBS_Spartan_2
2023-3-VBS-SP-LE-3	3.206275768337215	0.926877413232888	17.20380866975659	August	VBS	Spartan	Leaf	3	Organic	Moderate	2023-08-21T00:00:00Z	VBS_Spartan_3
